{
  "dataset": "data/raw/coupled_oscillator_sample.csv",
  "detected_frequency_hz": 12.5,
  "resonance_depth": 0.9042969836929234,
  "resonance_depth_components": {
    "amplitude_stability": 0.8511534526971434,
    "phase_coherence": 0.9884329033222183,
    "spectral_concentration": 0.9566158405427033,
    "temporal_persistence": 0.7788007830714049
  },
  "rooting_method": "lagged_correlation",
  "sampling_rate_hz": 200.0,
  "significant_edges": [
    {
      "lag": 2,
      "p_value": 0.038461538461538464,
      "source": "dim_0",
      "target": "dim_1",
      "weight": 0.9975467078733149
    },
    {
      "lag": 4,
      "p_value": 0.038461538461538464,
      "source": "dim_1",
      "target": "dim_0",
      "weight": 0.6697535963489816
    }
  ]
}